filename,class,x_center,y_center,width,height,x_center_px,y_center_px,width_px,height_px,Latitude,Longitude,Altitude
img_0001,0,0.056984,0.342736,0.039687,0.05062,109.40928,370.15488,76.19904,54.669599999999996,14.3047389,101.1728838,44.34
img_0002,0,0.13799,0.321866,0.038219,0.042991,264.9408,347.61528,73.38048,46.43028,14.304753,101.1728665,44.77
img_0003,0,0.222852,0.300264,0.039391,0.051269,427.87584,324.28511999999995,75.63072000000001,55.37052,14.3047713,101.1728496,45.14
img_0004,0,0.315701,0.292764,0.039391,0.051269,606.14592,316.18512000000004,75.63072000000001,55.37052,14.3047918,101.1728337,45.41
img_0005,0,0.42099,0.283579,0.039375,0.047657,808.3008,306.26532000000003,75.6,51.46956,14.3048116,101.1728167,45.57
img_0006,0,0.540003,0.274588,0.036328,0.043602,1036.80576,296.55504,69.74976,47.090160000000004,14.3048344,101.1727976,45.77
img_0007,0,0.671966,0.273963,0.037307,0.042037,1290.17472,295.88004,71.62944,45.39996,14.3048607,101.1727772,45.94
img_0008,0,0.805365,0.268667,0.038854,0.040444,1546.3008,290.16035999999997,74.59968,43.679520000000004,14.3048901,101.1727548,46.02
img_0009,0,0.920128,0.26756,0.041297,0.047454,1766.6457599999999,288.9648,79.29024,51.25032,14.3049207,101.1727311,46.01
img_0010,0,0.957914,0.271426,0.038016,0.042852,1839.19488,293.14008,72.99072,46.28016,14.3049491,101.1727087,46.02
img_0011,0,0.925177,0.268227,0.038167,0.040398,1776.33984,289.68516,73.28064,43.62984,14.3049606,101.1726977,45.91
img_0012,0,0.855885,0.263935,0.029167,0.036204,1643.2992,285.04979999999995,56.00064,39.10032,14.3049542,101.1726993,45.94
img_0013,0,0.757279,0.258903,0.033922,0.039806,1453.97568,279.61524,65.13024,42.99048,14.3049374,101.1727112,45.96
img_0014,0,0.652987,0.261347,0.033151,0.042787,1253.73504,282.25476,63.64992,46.209959999999995,14.3049148,101.1727306,45.96
img_0015,0,0.545135,0.267,0.03724,0.041167,1046.6592,288.36,71.5008,44.46036,14.3048907,101.1727491,45.93
img_0016,0,0.44318,0.269583,0.031005,0.04187,850.9056,291.14964000000003,59.5296,45.2196,14.3048659,101.1727677,45.86
img_0017,0,0.408443,0.271329,0.030615,0.039769,784.21056,293.03532,58.7808,42.95052,14.3048414,101.1727866,45.85
img_0018,0,0.364122,0.270958,0.035422,0.03875,699.11424,292.63464,68.01024000000001,41.85,14.3048322,101.1727948,45.83
img_0019,0,0.291766,0.264449,0.032229,0.036787,560.19072,285.60492,61.87968,39.72996,14.3048227,101.1728019,45.91
img_0020,0,0.205883,0.262537,0.036891,0.043963,395.29536,283.53996,70.83072,47.48004,14.3048055,101.1728148,46.04
img_0021,0,0.178604,0.261769,0.030615,0.03837,342.91968,282.71052,58.7808,41.4396,14.3047847,101.1728308,46.19
img_0022,0,0.184688,0.252347,0.034927,0.041861,354.60096,272.53476,67.05984,45.209880000000005,14.3047755,101.1728378,46.15
img_0023,0,0.186846,0.231069,0.030609,0.035583,358.74432,249.55452,58.76928,38.42964,14.3047764,101.1728364,46.46
img_0024,0,0.193521,0.219551,0.032969,0.040472,371.56032,237.11508,63.30047999999999,43.70976,14.3047773,101.1728363,46.64
img_0025,0,0.207057,0.219903,0.031792,0.03838,397.54944,237.49524,61.04064,41.450399999999995,14.3047794,101.1728353,46.81
img_0026,0,0.231003,0.241185,0.028651,0.034889,443.52576,260.4798,55.00992,37.68012,14.3047782,101.1728305,47.0
img_0027,0,0.253547,0.272449,0.028146,0.03388,486.81024,294.24492,54.04032,36.5904,14.3047717,101.1728179,47.13
img_0028,0,0.276846,0.305282,0.02963,0.032843,531.54432,329.70456,56.8896,35.470439999999996,14.3047611,101.1728009,47.27
img_0029,0,0.297523,0.344375,0.026974,0.029713,571.24416,371.925,51.79008,32.09004,14.3047493,101.1727818,47.37
img_0030,0,0.313354,0.379296,0.026396,0.029704,601.63968,409.63968,50.68032,32.08032,14.3047369,101.1727617,47.29
img_0031,0,0.324555,0.405222,0.02287,0.024963,623.1456,437.63976,43.9104,26.96004,14.3047231,101.1727414,47.15
img_0032,0,0.330128,0.406551,0.02287,0.023454,633.8457599999999,439.07508,43.9104,25.33032,14.3047095,101.1727226,47.03
img_0033,0,0.332911,0.384926,0.020812,0.021889,639.18912,415.72008,39.95904,23.64012,14.3047024,101.1727131,47.19
img_0034,0,0.335698,0.352579,0.019937,0.02288,644.54016,380.78531999999996,38.27904,24.7104,14.3047001,101.17271,47.83
img_0035,0,0.33394,0.317403,0.021109,0.024546,641.1648,342.79524,40.52928,26.50968,14.3046986,101.1727081,48.9
img_0036,0,0.33687,0.284333,0.021698,0.025019,646.7904,307.07964,41.66016,27.02052,14.3046979,101.172708,49.98
img_0037,0,0.35388,0.263718,0.019948,0.026528,679.4495999999999,284.81544,38.30016,28.65024,14.304699,101.1727078,51.02
img_0038,0,0.388263,0.247065,0.021401,0.0245,745.46496,266.8302,41.08992,26.46,14.3047053,101.1727038,51.7
img_0039,0,0.437383,0.229074,0.019255,0.022981,839.7753600000001,247.39992,36.9696,24.819480000000002,14.3047179,101.1726938,52.24
img_0040,0,0.493456,0.211231,0.023568,0.02613,947.43552,228.12948,45.25056,28.2204,14.3047358,101.1726802,52.77
img_0041,0,0.557185,0.201324,0.019255,0.025222,1069.7952,217.42992,36.9696,27.23976,14.3047577,101.1726633,53.28
img_0042,0,0.625042,0.195116,0.021385,0.025231,1200.08064,210.72528000000003,41.059200000000004,27.24948,14.3047822,101.1726452,53.6
img_0043,0,0.689115,0.190569,0.022708,0.025583,1323.1008000000002,205.81452,43.59936,27.629640000000002,14.3048088,101.1726265,53.73
img_0044,0,0.731536,0.188546,0.01974,0.023574,1404.54912,203.62967999999998,37.900800000000004,25.45992,14.3048343,101.1726079,53.82
img_0045,0,0.721146,0.189255,0.019052,0.025306,1384.60032,204.3954,36.57984,27.330479999999998,14.3048526,101.1725944,53.82
img_0046,0,0.687531,0.190032,0.018833,0.02375,1320.05952,205.23456000000002,36.15936,25.65,14.3048518,101.1725936,53.79
img_0047,0,0.627635,0.193931,0.018615,0.025306,1205.0592000000001,209.44548,35.7408,27.330479999999998,14.3048377,101.1726033,53.73
img_0048,0,0.565766,0.202106,0.021458,0.024528,1086.27072,218.27448,41.199360000000006,26.49024,14.3048161,101.1726203,53.62
img_0049,0,0.495685,0.206773,0.020589,0.026083,951.7152,223.31484,39.530879999999996,28.169639999999998,14.3047922,101.1726391,53.4
img_0050,0,0.39187,0.214903,0.017979,0.026583,752.3904,232.09524000000002,34.519679999999994,28.70964,14.3047665,101.1726593,53.23
img_0051,0,0.31593,0.22406,0.02037,0.026083,606.5856,241.9848,39.1104,28.169639999999998,14.3047337,101.172684,53.18
img_0052,0,0.257565,0.232625,0.021026,0.027639,494.52479999999997,251.23499999999999,40.36992,29.85012,14.304698,101.1727132,52.94
img_0053,0,0.245521,0.236912,0.019271,0.026083,471.40031999999997,255.86496000000002,37.00032,28.169639999999998,14.304674,101.1727345,52.62
img_0054,0,0.209167,0.233796,0.020146,0.026093,401.60064,252.49968,38.68032,28.18044,14.3046681,101.1727391,52.54
img_0055,0,0.164599,0.230875,0.017302,0.026472,316.03008,249.345,33.219840000000005,28.58976,14.3046549,101.1727484,52.66
img_0056,0,0.154417,0.226986,0.019708,0.024139,296.48064,245.14488,37.83936,26.07012,14.304636,101.1727634,52.8
img_0057,0,0.14982,0.238079,0.021901,0.025306,287.6544,257.12532,42.04992,27.330479999999998,14.3046304,101.1727685,52.9
img_0058,0,0.146422,0.263773,0.018615,0.022972,281.13024,284.87484,35.7408,24.80976,14.3046291,101.1727695,52.6
img_0059,0,0.132846,0.291417,0.022557,0.026093,255.06431999999998,314.73035999999996,43.30944,28.18044,14.3046287,101.1727701,51.71
img_0060,0,0.103602,0.320023,0.02188,0.02338,198.91584,345.62484,42.0096,25.250400000000003,14.3046252,101.1727734,50.78
img_0061,0,0.064737,0.348847,0.02212,0.024139,124.29504,376.75476000000003,42.4704,26.07012,14.304615,101.1727828,49.77
img_0062,0,0.045685,0.379792,0.021682,0.024528,87.71520000000001,410.17536,41.62944,26.49024,14.3046018,101.1727956,48.87
img_0063,0,0.060357,0.405495,0.023432,0.02375,115.88544,437.9346,44.98944,25.65,14.3045941,101.1728032,47.92
img_0064,0,0.072841,0.415227,0.022995,0.022194,139.85472000000001,448.44516,44.150400000000005,23.96952,14.3046003,101.1727993,47.06
img_0065,0,0.092547,0.41775,0.01949,0.02413,177.69024000000002,451.17,37.4208,26.060399999999998,14.3046064,101.1727948,46.76
img_0066,0,0.135146,0.411912,0.021458,0.024917,259.48032,444.86496,41.199360000000006,26.91036,14.3046143,101.1727891,46.64
img_0067,0,0.197451,0.401597,0.021245,0.026861,379.10591999999997,433.72476,40.7904,29.00988,14.3046339,101.1727778,46.65
img_0068,0,0.276508,0.391282,0.02212,0.025694,530.89536,422.58456,42.4704,27.74952,14.3046612,101.1727608,46.82
img_0069,0,0.361044,0.389917,0.02387,0.029204,693.20448,421.11036,45.8304,31.54032,14.3046939,101.1727401,46.9
img_0070,0,0.404542,0.403083,0.02149,0.025389,776.72064,435.32964000000004,41.260799999999996,27.420119999999997,14.3047271,101.172718,46.73
img_0071,0,0.437344,0.412134,0.022906,0.02488,839.70048,445.10472,43.97952,26.8704,14.3047436,101.172704,46.46
img_0072,0,0.474206,0.452194,0.017984,0.022204,910.4755200000001,488.36951999999997,34.52928,23.980320000000003,14.3047452,101.1726683,46.4
img_0073,0,0.483766,0.475245,0.017417,0.023213,928.8307199999999,513.2646,33.440639999999995,25.070040000000002,14.3047346,101.1726446,46.31
img_0074,0,0.49162,0.49762,0.017604,0.020185,943.9104,537.4296,33.79968,21.7998,14.3047197,101.1726185,46.2
img_0075,0,0.499107,0.516537,0.014391,0.018037,958.28544,557.85996,27.63072,19.479960000000002,14.304703,101.1725908,46.2
img_0076,0,0.502807,0.525755,0.013906,0.016583,965.38944,567.8154,26.69952,17.90964,14.3046858,101.1725629,46.15
img_0077,0,0.506734,0.532153,0.012271,0.017157,972.9292800000001,574.72524,23.56032,18.52956,14.3046678,101.1725352,46.36
img_0078,0,0.510742,0.536514,0.012432,0.015991,980.62464,579.4351200000001,23.86944,17.27028,14.3046501,101.1725078,46.71
img_0079,0,0.513638,0.539606,0.013307,0.016528,986.18496,582.77448,25.549439999999997,17.85024,14.3046324,101.1724801,47.07
img_0080,0,0.518594,0.536014,0.012219,0.015861,995.70048,578.89512,23.46048,17.12988,14.3046166,101.1724555,47.42
img_0081,0,0.544047,0.528106,0.012146,0.017083,1044.57024,570.35448,23.320320000000002,18.449640000000002,14.3046127,101.1724445,47.75
img_0082,0,0.585055,0.517727,0.013432,0.018602,1123.3056,559.14516,25.78944,20.09016,14.3046228,101.1724268,48.11
img_0083,0,0.635641,0.50881,0.012677,0.017194,1220.43072,549.5148,24.339840000000002,18.56952,14.3046454,101.1724044,48.63
img_0084,0,0.69112,0.503755,0.011594,0.015083,1326.9504,544.0554,22.26048,16.28964,14.3046754,101.1723786,49.1
img_0085,0,0.749586,0.503366,0.012016,0.016361,1439.2051199999999,543.63528,23.07072,17.66988,14.30471,101.1723502,49.38
img_0086,0,0.808974,0.504648,0.013156,0.016241,1553.23008,545.0198399999999,25.25952,17.54028,14.3047466,101.1723202,49.41
img_0087,0,0.854911,0.505083,0.011323,0.015333,1641.42912,545.4896399999999,21.74016,16.559639999999998,14.3047844,101.1722896,49.42
img_0088,0,0.884526,0.501468,0.01325,0.016287,1698.2899200000002,541.5854400000001,25.439999999999998,17.589959999999998,14.3048164,101.1722635,49.4
img_0089,0,0.898742,0.491176,0.012953,0.016296,1725.58464,530.47008,24.86976,17.599680000000003,14.3048362,101.1722469,49.57
img_0090,0,0.890352,0.480588,0.013255,0.016287,1709.47584,519.03504,25.4496,17.589959999999998,14.3048479,101.1722364,50.04
img_0091,0,0.867367,0.473176,0.013089,0.016574,1665.34464,511.03008,25.13088,17.899919999999998,14.3048434,101.1722395,50.66
img_0092,0,0.836117,0.469083,0.013734,0.016537,1605.34464,506.60964,26.36928,17.85996,14.3048289,101.172251,51.02
img_0093,0,0.805003,0.47,0.013443,0.014556,1545.6057600000001,507.59999999999997,25.81056,15.72048,14.3048078,101.1722612,51.33
img_0094,0,0.76856,0.472259,0.013005,0.016333,1475.6352,510.03972,24.9696,17.63964,14.3047826,101.1722657,51.6
img_0095,0,0.731174,0.474463,0.013943,0.015019,1403.85408,512.42004,26.77056,16.22052,14.3047543,101.1722717,51.8
img_0096,0,0.696651,0.479944,0.011656,0.016667,1337.5699200000001,518.33952,22.37952,18.00036,14.3047238,101.1722797,51.9
img_0097,0,0.667742,0.486722,0.015141,0.0175,1282.0646399999998,525.65976,29.07072,18.900000000000002,14.3046932,101.172282,52.01
img_0098,0,0.639299,0.494787,0.012953,0.016074,1227.45408,534.36996,24.86976,17.359920000000002,14.3046627,101.172281,52.15
img_0099,0,0.614667,0.501824,0.012344,0.013907,1180.1606399999998,541.96992,23.700480000000002,15.019559999999998,14.3046321,101.1722772,52.23
img_0100,0,0.587305,0.507431,0.011286,0.012787,1127.6255999999998,548.02548,21.66912,13.80996,14.3046021,101.172271,52.32
img_0101,0,0.555224,0.508639,0.011406,0.013704,1066.03008,549.33012,21.89952,14.80032,14.3045707,101.1722689,52.45
img_0102,0,0.521698,0.509708,0.009896,0.013898,1001.66016,550.48464,19.000320000000002,15.00984,14.3045372,101.1722743,52.64
img_0103,0,0.486924,0.510347,0.009547,0.014306,934.89408,551.17476,18.33024,15.450479999999999,14.304502,101.1722825,52.91
img_0104,0,0.450885,0.510907,0.01051,0.013685,865.6992,551.77956,20.1792,14.7798,14.3044647,101.1722921,53.15
img_0105,0,0.414503,0.51213,0.010141,0.011648,795.84576,553.1003999999999,19.47072,12.57984,14.3044256,101.1723033,53.39
img_0106,0,0.379997,0.514421,0.010266,0.01238,729.5942399999999,555.5746800000001,19.710720000000002,13.3704,14.3043846,101.1723165,53.59
img_0107,0,0.347742,0.516306,0.009651,0.01163,667.66464,557.61048,18.52992,12.5604,14.3043441,101.1723298,53.81
img_0108,0,0.31663,0.517394,0.009229,0.013324,607.9296,558.78552,17.71968,14.38992,14.3043047,101.1723419,53.99
img_0109,0,0.257625,0.52,0.010458,0.013519,494.64,561.6,20.07936,14.60052,14.3042229,101.1723669,54.46
img_0110,0,0.240471,0.523481,0.008776,0.011296,461.70432,565.35948,16.84992,12.19968,14.3041819,101.1723773,54.65
img_0111,0,0.233701,0.526954,0.008432,0.011296,448.70592,569.11032,16.18944,12.19968,14.3041445,101.1723767,54.87
img_0112,0,0.246167,0.527718,0.009406,0.011509,472.64064,569.93544,18.05952,12.42972,14.3041142,101.1723675,55.15
img_0113,0,0.271401,0.524134,0.010021,0.012157,521.08992,566.06472,19.24032,13.12956,14.3041112,101.1723493,55.34
img_0114,0,0.299016,0.519463,0.008313,0.011519,574.11072,561.02004,15.960959999999998,12.44052,14.3041284,101.1723243,55.74
img_0115,0,0.32138,0.510773,0.009042,0.011509,617.0496,551.63484,17.36064,12.42972,14.3041465,101.1722939,56.33
img_0116,0,0.341846,0.501102,0.009161,0.011296,656.3443199999999,541.1901600000001,17.58912,12.19968,14.3041542,101.1722627,57.4
img_0117,0,0.359323,0.493829,0.009167,0.010213,689.90016,533.33532,17.60064,11.03004,14.3041558,101.1722284,58.72
img_0118,0,0.375148,0.487852,0.009286,0.011296,720.2841599999999,526.88016,17.829120000000003,12.19968,14.304152,101.1721935,59.96
img_0119,0,0.394211,0.484269,0.007089,0.010648,756.8851199999999,523.01052,13.61088,11.499839999999999,14.3041443,101.1721571,61.15
img_0120,0,0.415901,0.479056,0.008188,0.010648,798.5299200000001,517.38048,15.720960000000002,11.499839999999999,14.30414,101.1721167,62.23
img_0121,0,0.436732,0.471995,0.007578,0.010861,838.52544,509.7546,14.54976,11.729880000000001,14.3041406,101.1720732,63.42
img_0122,0,0.456164,0.462875,0.008068,0.011731,875.83488,499.905,15.49056,12.66948,14.3041457,101.1719852,66.55
img_0123,0,0.498568,0.452009,0.009531,0.013907,957.2505600000001,488.16972,18.299519999999998,15.019559999999998,14.3041498,101.1719418,67.96
img_0124,0,0.523648,0.446032,0.011286,0.015454,1005.40416,481.71456,21.66912,16.69032,14.3041592,101.1718966,69.21
img_0125,0,0.551141,0.438287,0.010323,0.015093,1058.19072,473.34995999999995,19.82016,16.300440000000002,14.3041758,101.1718496,70.47
img_0126,0,0.577063,0.426528,0.010469,0.014833,1107.96096,460.65024,20.100479999999997,16.01964,14.3041979,101.1718019,71.89
img_0127,0,0.595138,0.416199,0.010307,0.01512,1142.6649599999998,449.49492,19.78944,16.3296,14.3042235,101.1717567,73.43
img_0128,0,0.609943,0.405296,0.010146,0.013667,1171.09056,437.71968,19.480320000000003,14.76036,14.3042461,101.1717297,74.87
img_0129,0,0.618695,0.396574,0.01063,0.013667,1187.8944,428.29992,20.4096,14.76036,14.3042655,101.1717108,76.1
img_0130,0,0.623685,0.387847,0.009818,0.013083,1197.4752,418.87476,18.85056,14.129639999999998,14.304279,101.1717014,76.97
img_0131,0,0.626125,0.379324,0.010469,0.011926,1202.16,409.66992,20.100479999999997,12.880080000000001,14.3042885,101.1716987,78.03
img_0132,0,0.627268,0.374819,0.009484,0.01338,1204.35456,404.80452,18.20928,14.4504,14.3042914,101.1716928,79.05
img_0133,0,0.627023,0.371329,0.008672,0.012213,1203.88416,401.03532,16.650239999999997,13.19004,14.3042873,101.1716816,80.0
img_0134,0,0.626208,0.368273,0.009656,0.011917,1202.31936,397.73484,18.53952,12.87036,14.3042784,101.1716663,80.99
img_0135,0,0.626122,0.362019,0.010141,0.012796,1202.1542399999998,390.98051999999996,19.47072,13.81968,14.3042673,101.1716487,81.93
img_0136,0,0.626682,0.352412,0.010281,0.012769,1203.2294399999998,380.60496,19.73952,13.79052,14.3042627,101.1716415,82.88
img_0137,0,0.63218,0.338449,0.009495,0.012176,1213.7856,365.52492,18.2304,13.150079999999999,14.3042675,101.1716474,83.7
img_0138,0,0.644771,0.322468,0.011125,0.01338,1237.96032,348.26543999999996,21.36,14.4504,14.3042841,101.1716579,84.58
img_0139,0,0.662768,0.305602,0.010797,0.014537,1272.51456,330.05016,20.73024,15.699959999999999,14.3043143,101.1716664,85.61
img_0140,0,0.683706,0.286699,0.011453,0.01338,1312.71552,309.63491999999997,21.98976,14.4504,14.3043525,101.1716738,86.57
img_0141,0,0.708703,0.268806,0.011354,0.013796,1360.70976,290.31048,21.79968,14.89968,14.3043956,101.1716785,87.44
img_0142,0,0.728844,0.255736,0.012021,0.012065,1399.38048,276.19488,23.08032,13.030199999999999,14.3044431,101.1716817,88.36
img_0143,0,0.731812,0.247319,0.010604,0.012824,1405.07904,267.10452000000004,20.35968,13.849920000000001,14.304483,101.1716847,88.87
img_0144,0,0.72149,0.237894,0.010885,0.013065,1385.2608,256.92552,20.8992,14.1102,14.3044963,101.1716948,89.12
img_0145,0,0.701273,0.228718,0.011172,0.013824,1346.44416,247.01544,21.45024,14.92992,14.3044895,101.171715,89.69
img_0146,0,0.674055,0.220296,0.010182,0.013574,1294.1856,237.91968,19.54944,14.65992,14.3044678,101.1717425,90.24
img_0147,0,0.643161,0.214157,0.009469,0.012852,1234.86912,231.28956,18.18048,13.88016,14.3044369,101.1717745,90.86
img_0148,0,0.611138,0.209671,0.009047,0.011194,1173.3849599999999,226.44468,17.37024,12.08952,14.3043999,101.171809,91.39
img_0149,0,0.579107,0.206213,0.010651,0.014815,1111.88544,222.71004000000002,20.449920000000002,16.0002,14.3043598,101.1718435,91.77
img_0150,0,0.547555,0.204486,0.010391,0.013472,1051.3056000000001,220.84488,19.950719999999997,14.54976,14.3043189,101.1718755,92.13
img_0151,0,0.513768,0.202856,0.010505,0.011954,986.43456,219.08448,20.169600000000003,12.910319999999999,14.3042314,101.171935,92.81
img_0152,0,0.45401,0.200139,0.009531,0.014778,871.6992,216.15012000000002,18.299519999999998,15.960239999999999,14.3041865,101.1719627,93.2
img_0153,0,0.434573,0.203426,0.011354,0.012778,834.3801599999999,219.70007999999999,21.79968,13.800239999999999,14.3041457,101.1719868,93.65
img_0154,0,0.425482,0.210829,0.01112,0.01238,816.9254400000001,227.69531999999998,21.3504,13.3704,14.304108,101.1719989,94.1
img_0155,0,0.423826,0.223088,0.013193,0.016157,813.74592,240.93504000000001,25.33056,17.44956,14.3040743,101.1719883,94.6
img_0156,0,0.429701,0.228537,0.011828,0.018685,825.02592,246.81995999999998,22.70976,20.1798,14.3040425,101.1719622,95.09
img_0157,0,0.451013,0.227273,0.011911,0.01712,865.94496,245.45484,22.86912,18.4896,14.3040306,101.1719362,95.38
img_0158,0,0.479776,0.221639,0.013177,0.017574,921.1699199999999,239.37012000000001,25.29984,18.97992,14.3040507,101.1719071,95.82
img_0159,0,0.509469,0.216481,0.010219,0.01413,978.1804799999999,233.79948000000002,19.62048,15.2604,14.3040891,101.1718742,96.48
img_0160,0,0.531997,0.218167,0.008714,0.012111,1021.43424,235.62036,16.73088,13.079880000000001,14.3041321,101.1718435,96.92
img_0161,0,0.551393,0.22119,0.008141,0.012787,1058.67456,238.8852,15.630720000000002,13.80996,14.3041676,101.1718214,96.63
img_0162,0,0.567862,0.224222,0.009276,0.013463,1090.29504,242.15976,17.809919999999998,14.54004,14.3041967,101.1718042,96.03
img_0163,0,0.582435,0.227588,0.009276,0.012787,1118.2752,245.79504,17.809919999999998,13.80996,14.3042259,101.1717948,95.13
img_0164,0,0.594833,0.226074,0.009844,0.011778,1142.07936,244.15992,18.90048,12.72024,14.3042551,101.1717924,94.08
img_0165,0,0.605716,0.219343,0.009651,0.01313,1162.9747200000002,236.89044,18.52992,14.180399999999999,14.3042841,101.1717984,93.25
img_0166,0,0.614328,0.210421,0.008708,0.012787,1179.50976,227.25468,16.71936,13.80996,14.3043138,101.1718138,92.69
img_0167,0,0.620664,0.204208,0.009661,0.013787,1191.67488,220.54464,18.54912,14.88996,14.3043436,101.1718354,92.17
img_0168,0,0.622846,0.211935,0.009464,0.013796,1195.8643200000001,228.8898,18.17088,14.89968,14.3043706,101.1718598,91.31
img_0169,0,0.624076,0.224222,0.010786,0.013463,1198.2259199999999,242.15976,20.709120000000002,14.54004,14.3043803,101.1718704,90.1
img_0170,0,0.624549,0.238014,0.009464,0.014806,1199.13408,257.05512,18.17088,15.99048,14.3043827,101.1718722,88.73
img_0171,0,0.626065,0.245926,0.008328,0.012444,1202.0448,265.60008,15.98976,13.43952,14.3043846,101.1718743,87.21
img_0172,0,0.633065,0.248616,0.009464,0.012454,1215.4848,268.50528,18.17088,13.45032,14.3043939,101.1718882,85.65
img_0173,0,0.648115,0.247102,0.011167,0.01413,1244.3808,266.87016,21.44064,15.2604,14.304416,101.1719087,84.04
img_0174,0,0.667422,0.24037,0.011927,0.01413,1281.45024,259.5996,22.89984,15.2604,14.3044532,101.1719352,82.36
img_0175,0,0.691648,0.232806,0.009651,0.011778,1327.96416,251.43048000000002,18.52992,12.72024,14.304501,101.171972,80.52
img_0176,0,0.715109,0.224713,0.012698,0.015167,1373.00928,242.69003999999998,24.38016,16.38036,14.3045554,101.1720128,78.47
img_0177,0,0.724583,0.228597,0.011167,0.014139,1391.19936,246.88476,21.44064,15.27012,14.3046073,101.1720552,76.29
img_0178,0,0.754016,0.227417,0.011354,0.013796,1447.71072,245.61036000000001,21.79968,14.89968,14.3046371,101.1720971,73.94
img_0179,0,0.792242,0.224069,0.012505,0.014435,1521.10464,241.99452,24.009600000000002,15.5898,14.3046826,101.1721348,71.55
img_0180,0,0.839,0.220185,0.01325,0.0175,1610.8799999999999,237.7998,25.439999999999998,18.900000000000002,14.304736,101.1721714,69.22
img_0181,0,0.886417,0.219005,0.014198,0.020528,1701.92064,236.52540000000002,27.260160000000003,22.17024,14.3047925,101.1722096,66.82
img_0182,0,0.902409,0.235833,0.014005,0.017833,1732.62528,254.69964,26.8896,19.25964,14.3048439,101.1722483,64.37
img_0183,0,0.923229,0.252824,0.01325,0.018167,1772.59968,273.04992,25.439999999999998,19.620359999999998,14.3048673,101.1722884,61.66
img_0184,0,0.967805,0.26056,0.016089,0.022213,1858.1856,281.4048,30.89088,23.99004,14.3048875,101.1723326,58.84
img_0185,0,0.90969,0.349731,0.024786,0.027593,1746.6048,377.70948000000004,47.58912,29.80044,14.3049414,101.1725404,48.4
img_0186,0,0.860974,0.36894,0.024323,0.027028,1653.07008,398.4552,46.700160000000004,29.19024,14.3049246,101.172573,47.2
img_0187,0,0.807367,0.390551,0.023589,0.025194,1550.14464,421.79508,45.29088,27.20952,14.3049084,101.1725953,46.32
img_0188,0,0.75682,0.409032,0.021901,0.026083,1453.0944000000002,441.75456,42.04992,28.169639999999998,14.3048892,101.1726116,45.7
img_0189,0,0.72324,0.425968,0.023937,0.026472,1388.6208,460.04544000000004,45.95904,28.58976,14.3048704,101.1726233,45.2
img_0190,0,0.704349,0.429259,0.021104,0.022685,1352.35008,463.59972,40.51968,24.4998,14.3048571,101.1726311,44.77
img_0191,0,0.689453,0.432375,0.020635,0.024898,1323.74976,466.96500000000003,39.6192,26.88984,14.3048492,101.1726351,44.73
img_0192,0,0.65976,0.435662,0.021458,0.023361,1266.7392,470.51496,41.199360000000006,25.22988,14.3048429,101.1726371,44.7
img_0193,0,0.625651,0.439667,0.020271,0.022519,1201.24992,474.84036,38.920320000000004,24.320520000000002,14.3048325,101.1726416,44.66
img_0194,0,0.588109,0.441083,0.021948,0.024389,1129.16928,476.36964,42.140159999999995,26.340120000000002,14.3048186,101.1726477,44.67
img_0195,0,0.543461,0.445722,0.021599,0.022685,1043.4451199999999,481.37976000000003,41.47008,24.4998,14.3048038,101.1726545,44.7
img_0196,0,0.503221,0.451125,0.020609,0.025343,966.1843200000001,487.215,39.56928,27.370440000000002,14.3047856,101.1726623,44.68
img_0197,0,0.479089,0.456333,0.020125,0.024722,919.85088,492.83964,38.64,26.69976,14.3047672,101.1726702,44.6
img_0198,0,0.441708,0.460991,0.018646,0.022389,848.07936,497.87028,35.80032,24.18012,14.3047563,101.1726752,44.55
img_0199,0,0.395003,0.465787,0.017505,0.020944,758.40576,503.04996,33.6096,22.61952,14.3047407,101.1726827,44.53
img_0200,0,0.338385,0.470731,0.022396,0.025019,649.6992,508.38948,43.00032,27.02052,14.3047212,101.1726939,44.55
img_0201,0,0.276385,0.47619,0.024625,0.025028,530.6591999999999,514.2852,47.28,27.030240000000003,14.3046978,101.1727087,44.56
img_0202,0,0.211544,0.480731,0.024797,0.025241,406.16448,519.18948,47.61024,27.260279999999998,14.3046714,101.1727254,44.53
img_0203,0,0.152206,0.484769,0.021578,0.025907,292.23552,523.55052,41.42976,27.97956,14.3046436,101.1727436,44.48
img_0204,0,0.140471,0.484769,0.020443,0.026574,269.70432000000005,523.55052,39.25056,28.69992,14.3046158,101.172762,44.38
img_0205,0,0.187128,0.477537,0.01912,0.025574,359.28576,515.73996,36.7104,27.61992,14.3046097,101.1727683,44.31
img_0206,0,0.26937,0.465588,0.020823,0.022546,517.1904,502.83504,39.980160000000005,24.34968,14.3046318,101.1727577,44.31
img_0207,0,0.358518,0.444574,0.021203,0.022852,688.35456,480.13992,40.70976,24.68016,14.3046668,101.1727351,44.51
img_0208,0,0.450414,0.397278,0.019495,0.023889,864.7948799999999,429.06024,37.4304,25.80012,14.3047029,101.1727097,44.95
img_0209,0,0.545242,0.336208,0.019495,0.024231,1046.86464,363.10464,37.4304,26.16948,14.3047381,101.1726836,46.21
img_0210,0,0.647076,0.268741,0.02063,0.023222,1242.38592,290.24028,39.6096,25.07976,14.3047743,101.1726575,47.92
img_0211,0,0.749568,0.197431,0.021198,0.026528,1439.17056,213.22548,40.700160000000004,28.65024,14.304813,101.1726283,50.01
img_0212,0,0.837943,0.149454,0.019323,0.026926,1608.85056,161.41032,37.10016,29.08008,14.3048536,101.1725981,52.19
img_0213,0,0.877424,0.143731,0.02063,0.026241,1684.65408,155.22948,39.6096,28.34028,14.3048908,101.1725705,53.98
img_0214,0,0.877234,0.132292,0.019115,0.024898,1684.28928,142.87536,36.7008,26.88984,14.3049097,101.1725583,54.19
img_0215,0,0.842693,0.125731,0.018552,0.023889,1617.97056,135.78948,35.619839999999996,25.80012,14.3049121,101.1725585,54.48
img_0216,0,0.786005,0.123708,0.019875,0.024565,1509.1296,133.60464,38.160000000000004,26.5302,14.3048998,101.1725683,54.64
img_0217,0,0.713227,0.131616,0.021203,0.024231,1369.3958400000001,142.14528,40.70976,26.16948,14.3048779,101.1725859,54.69
img_0218,0,0.637422,0.142889,0.019115,0.023222,1223.85024,154.32011999999997,36.7008,25.07976,14.3048502,101.1726081,54.36
img_0219,0,0.581003,0.155005,0.021745,0.023898,1115.52576,167.40540000000001,41.7504,25.809839999999998,14.3048219,101.1726328,53.85
img_0220,0,0.527451,0.162407,0.02063,0.025907,1012.70592,175.39956,39.6096,27.97956,14.3048014,101.1726522,53.24
img_0221,0,0.482318,0.170644,0.022344,0.02425,926.05056,184.29551999999998,42.90048,26.19,14.3047824,101.1726699,52.88
img_0222,0,0.425901,0.177213,0.021198,0.023889,817.72992,191.39004,40.700160000000004,25.80012,14.3047676,101.1726851,52.55
img_0223,0,0.362977,0.182949,0.021026,0.023917,696.91584,197.58492,40.36992,25.830360000000002,14.30475,101.1727043,52.27
img_0224,0,0.293409,0.190676,0.022339,0.023889,563.34528,205.93008,42.89088,25.80012,14.3047309,101.1727255,51.94
img_0225,0,0.135052,0.210528,0.025,0.029944,259.29984,227.37024,48.0,32.33952,14.3046865,101.1727751,51.24
img_0226,0,0.088284,0.220431,0.023453,0.034398,169.50528,238.06547999999998,45.02976,37.14984,14.3046629,101.1728017,50.82
img_0227,0,0.202086,0.243537,0.023943,0.034185,388.00512,263.01996,45.97056,36.9198,14.3046545,101.1728117,49.94
img_0228,0,0.309568,0.270574,0.021385,0.028667,594.3705600000001,292.21992,41.059200000000004,30.96036,14.3046783,101.1727864,49.71
img_0229,0,0.393654,0.314736,0.021464,0.028028,755.81568,339.91488000000004,41.21088,30.27024,14.3047059,101.1727481,49.33
img_0230,0,0.452893,0.360694,0.021245,0.027315,869.55456,389.54952000000003,40.7904,29.5002,14.3047222,101.1727074,48.73
img_0231,0,0.488698,0.400782,0.017083,0.024139,938.30016,432.84456,32.79936,26.07012,14.3047227,101.172664,48.34
img_0232,0,0.518047,0.442245,0.017521,0.020639,994.65024,477.6246,33.640319999999996,22.29012,14.3047087,101.172617,48.32
img_0233,0,0.537867,0.479037,0.013359,0.019463,1032.70464,517.35996,25.649279999999997,21.02004,14.304688,101.1725627,48.31
img_0234,0,0.549232,0.496611,0.015339,0.019519,1054.5254400000001,536.33988,29.45088,21.080520000000003,14.3046633,101.1725053,48.16
img_0235,0,0.555669,0.504505,0.013818,0.019824,1066.88448,544.8654,26.53056,21.409920000000003,14.3046342,101.1724504,48.59
img_0236,0,0.559174,0.510407,0.012495,0.016148,1073.6140799999998,551.2395600000001,23.990399999999998,17.43984,14.3046027,101.1723953,49.46
img_0237,0,0.568542,0.510579,0.011927,0.018509,1091.6006399999999,551.42532,22.89984,19.989720000000002,14.3045733,101.1723459,50.34
img_0238,0,0.58662,0.502671,0.010979,0.015472,1126.3104,542.88468,21.07968,16.70976,14.3045594,101.1723123,50.92
img_0239,0,0.613591,0.496616,0.011547,0.016824,1178.09472,536.34528,22.17024,18.169919999999998,14.3045606,101.1722836,51.77
img_0240,0,0.685914,0.49106,0.012307,0.017157,1316.95488,530.3448,23.62944,18.52956,14.3045936,101.1722202,52.84
img_0241,0,0.757174,0.461282,0.010599,0.014139,1453.7740800000001,498.18456000000003,20.350080000000002,15.27012,14.3046368,101.172147,54.52
img_0242,0,0.797492,0.444287,0.011734,0.017167,1531.18464,479.82995999999997,22.52928,18.540360000000003,14.3046635,101.1721089,55.91
img_0243,0,0.837242,0.430463,0.010599,0.013796,1607.50464,464.90004,20.350080000000002,14.89968,14.3046952,101.1720699,57.34
img_0244,0,0.869984,0.418884,0.009844,0.013454,1670.36928,452.39471999999995,18.90048,14.530320000000001,14.3047278,101.1720291,58.7
img_0245,0,0.887474,0.412796,0.009896,0.012815,1703.95008,445.81968,19.000320000000002,13.8402,14.3047553,101.1719891,59.98
img_0246,0,0.889396,0.409824,0.012,0.01613,1707.64032,442.60992000000005,23.04,17.420399999999997,14.3047727,101.171966,60.74
img_0247,0,0.879789,0.40444,0.011453,0.013324,1689.19488,436.7952,21.98976,14.38992,14.3047781,101.1719727,60.73
img_0248,0,0.656859,0.342097,0.01325,0.015139,1261.1692799999998,369.46475999999996,25.439999999999998,16.35012,14.3046634,101.1722027,61.29
img_0249,0,0.364878,0.242282,0.014016,0.021028,700.56576,261.66456,26.91072,22.710240000000002,14.3043353,101.1724708,70.41
img_0250,0,0.422034,0.590306,0.012703,0.01713,810.30528,637.53048,24.389760000000003,18.5004,14.3044102,101.1723636,57.03
img_0251,0,0.078505,0.181639,0.149406,0.186,150.7296,196.17012,286.85952000000003,200.88,14.3049487,101.173014,48.85
img_0252,0,0.105411,0.13206,0.149177,0.167546,202.38912000000002,142.62480000000002,286.41984,180.94968,14.304946,101.1730106,49.63
img_0253,0,0.144141,0.184218,0.139979,0.128806,276.75072,198.95543999999998,268.75968,139.11048,14.3049393,101.1730043,50.13
img_0254,0,0.152927,0.155435,0.115344,0.128759,293.61984,167.8698,221.46048000000002,139.05972000000003,14.3049361,101.1730012,50.29
img_0255,0,0.150469,0.157333,0.111844,0.127556,288.90047999999996,169.91964,214.74048,137.76048,14.3049349,101.1730003,50.51
img_0256,0,0.169813,0.174838,0.111135,0.120046,326.04096,188.82504,213.3792,129.64968,14.304934,101.1729996,50.54
img_0257,0,0.164185,0.182972,0.122391,0.116296,315.2352,197.60976,234.99072,125.59967999999999,14.3049324,101.1729976,50.55
img_0258,0,0.169109,0.178593,0.112542,0.125056,324.68928,192.88044,216.08064000000002,135.06048,14.3049318,101.172997,50.57
img_0259,0,0.169464,0.182968,0.114656,0.123806,325.37088,197.60544,220.13951999999998,133.71048,14.3049319,101.172997,50.54
img_0260,0,0.202169,0.192347,0.111141,0.112546,388.16447999999997,207.73476,213.39072000000002,121.54968,14.304932,101.1729965,50.52
img_0261,0,0.209206,0.214231,0.113953,0.123796,401.67552,231.36948,218.78976,133.69968,14.3049343,101.172994,50.44
img_0262,0,0.209909,0.209856,0.112547,0.120046,403.02528,226.64448,216.09024,129.64968,14.3049341,101.1729939,50.39
img_0263,0,0.206745,0.222972,0.10901,0.116278,396.9504,240.80976,209.29919999999998,125.58024,14.3049341,101.1729939,50.34
img_0264,0,0.217294,0.245491,0.110432,0.111296,417.20448,265.13027999999997,212.02944,120.19968,14.3049336,101.1729938,50.33
img_0265,0,0.231362,0.272981,0.099182,0.106333,444.21504000000004,294.81948,190.42944,114.83964,14.3049319,101.1729915,50.3
img_0266,0,0.253167,0.323023,0.09074,0.098787,486.08063999999996,348.86484,174.2208,106.68996,14.3049281,101.1729873,50.31
img_0267,0,0.272135,0.379273,0.068229,0.086324,522.4992,409.61484,130.99967999999998,93.22991999999999,14.304922,101.1729801,50.31
img_0268,0,0.289755,0.423681,0.064031,0.067546,556.3296,457.57547999999997,122.93952000000002,72.94968,14.3049115,101.1729699,50.34
img_0269,0,0.303432,0.421829,0.059365,0.062583,582.58944,455.57532000000003,113.9808,67.58964,14.3048992,101.1729575,50.47
img_0270,0,0.319346,0.405778,0.049047,0.051667,613.14432,438.24024000000003,94.17024,55.80036,14.3048873,101.1729461,51.04
img_0271,0,0.332062,0.399713,0.042687,0.044426,637.5590400000001,431.69004,81.95904,47.98008,14.3048748,101.1729322,51.73
img_0272,0,0.345232,0.397704,0.04087,0.041981,662.8454399999999,429.52032,78.4704,45.339479999999995,14.3048611,101.1729176,52.43
img_0273,0,0.362943,0.400935,0.033604,0.035519,696.8505600000001,433.0098,64.51968000000001,38.36052,14.3048333,101.1728832,53.84
img_0274,0,0.38087,0.381556,0.032219,0.038741,731.2704,412.08048,61.860479999999995,41.84028,14.3048217,101.1728681,54.66
img_0275,0,0.394977,0.379292,0.027266,0.03075,758.3558400000001,409.63536,52.350719999999995,33.21,14.3048118,101.172856,55.22
img_0276,0,0.408318,0.380597,0.027562,0.028139,783.97056,411.04476,52.91904,30.39012,14.3048007,101.1728386,55.84
img_0277,0,0.414182,0.372782,0.024625,0.027102,795.22944,402.60456,47.28,29.27016,14.3047899,101.1728203,56.51
img_0278,0,0.418286,0.362875,0.022865,0.027102,803.10912,391.90500000000003,43.9008,29.27016,14.3047833,101.1728107,57.08
img_0279,0,0.415943,0.351412,0.026385,0.027102,798.61056,379.52496,50.6592,29.27016,14.3047784,101.172803,57.55
img_0280,0,0.416529,0.340986,0.025214,0.027102,799.73568,368.26488,48.41088,29.27016,14.3047758,101.1728011,57.88
img_0281,0,0.41682,0.328736,0.026974,0.029713,800.2944,355.03488,51.79008,32.09004,14.3047747,101.1728003,58.23
img_0282,0,0.419313,0.323264,0.02551,0.029194,805.08096,349.12512,48.979200000000006,31.52952,14.3047749,101.1728,58.52
img_0283,0,0.424297,0.326653,0.022573,0.023454,814.6502399999999,352.78524000000004,43.34016,25.33032,14.3047741,101.1727979,58.72
img_0284,0,0.42532,0.332648,0.021109,0.025019,816.6143999999999,359.25984,40.52928,27.02052,14.3047717,101.1727933,58.83
img_0285,0,0.426302,0.334546,0.021979,0.026519,818.4998400000001,361.30968,42.19968,28.640520000000002,14.3047681,101.1727883,58.9
img_0286,0,0.42532,0.332801,0.024724,0.027213,816.6143999999999,359.42508000000004,47.470079999999996,29.390040000000003,14.3047667,101.1727863,58.92
img_0287,0,0.424922,0.329287,0.026406,0.03087,815.85024,355.62996,50.69952,33.339600000000004,14.3047661,101.1727853,58.98
img_0288,0,0.424737,0.327458,0.024328,0.027028,815.4950399999999,353.65464000000003,46.709759999999996,29.19024,14.3047655,101.1727851,59.03
img_0289,0,0.425117,0.323176,0.025589,0.029278,816.22464,349.03008,49.130880000000005,31.62024,14.3047654,101.1727852,59.09
img_0290,0,0.426003,0.324074,0.025339,0.027481,817.9257600000001,349.99992,48.65088,29.679479999999998,14.304766,101.1727855,59.14
img_0291,0,0.429044,0.336241,0.022807,0.027481,823.7644799999999,363.14028,43.78944,29.679479999999998,14.3047644,101.1727835,59.17
img_0292,0,0.432216,0.356519,0.023068,0.026593,829.8547199999999,385.04051999999996,44.290560000000006,28.72044,14.3047596,101.1727766,59.16
img_0293,0,0.434875,0.379259,0.020271,0.023426,834.96,409.59972,38.920320000000004,25.300079999999998,14.3047519,101.1727667,59.0
img_0294,0,0.437914,0.403134,0.020776,0.024324,840.79488,435.38472,39.88992,26.26992,14.3047423,101.1727543,58.83
img_0295,0,0.440573,0.418,0.021031,0.022519,845.90016,451.44,40.37952,24.320520000000002,14.3047317,101.1727402,58.63
img_0296,0,0.441081,0.422958,0.019005,0.02162,846.87552,456.79464,36.4896,23.3496,14.3047244,101.1727309,58.44
img_0297,0,0.442096,0.420477,0.015964,0.02388,848.82432,454.11516,30.650879999999997,25.790399999999998,14.3047219,101.1727275,58.34
img_0298,0,0.442854,0.414625,0.016979,0.020269,850.2796800000001,447.795,32.59968,21.89052,14.3047211,101.172726,58.46
img_0299,0,0.441461,0.409667,0.019255,0.021167,847.6051199999999,442.44036,36.9696,22.860359999999996,14.3047212,101.172726,58.68
img_0300,0,0.442982,0.403356,0.015203,0.022972,850.52544,435.62448,29.18976,24.80976,14.3047214,101.1727263,58.81
img_0301,0,0.443995,0.400884,0.015708,0.02162,852.4703999999999,432.95472,30.15936,23.3496,14.3047217,101.1727263,58.97
img_0302,0,0.44425,0.397731,0.017229,0.023426,852.9599999999999,429.54948,33.07968,25.300079999999998,14.3047221,101.1727268,59.15
img_0303,0,0.453625,0.397282,0.01875,0.024324,870.96,429.06456000000003,36.0,26.26992,14.3047227,101.1727263,59.12
img_0304,0,0.480357,0.396153,0.016974,0.022065,922.28544,427.84524,32.59008,23.8302,14.3047266,101.1727236,59.08
img_0305,0,0.522039,0.395028,0.016724,0.022519,1002.31488,426.63024,32.110079999999996,24.320520000000002,14.3047369,101.172716,59.1
img_0306,0,0.57563,0.389167,0.020021,0.023426,1105.2096,420.30036,38.44032,25.300079999999998,14.3047542,101.1727028,59.06
img_0307,0,0.636453,0.373852,0.01699,0.023426,1221.9897600000002,403.76016000000004,32.6208,25.300079999999998,14.3047763,101.1726853,59.04
img_0308,0,0.700424,0.358088,0.019255,0.024324,1344.81408,386.73504,36.9696,26.26992,14.3048021,101.1726654,59.21
img_0309,0,0.828008,0.347954,0.018495,0.021167,1589.7753599999999,375.79032,35.510400000000004,22.860359999999996,14.3048575,101.1726219,59.54
img_0310,0,0.871474,0.356958,0.020802,0.023861,1673.23008,385.51464,39.939840000000004,25.76988,14.3048849,101.1726007,59.45
img_0311,0,0.88288,0.353583,0.020802,0.023426,1695.1296,381.86964,39.939840000000004,25.300079999999998,14.304903,101.1725866,59.03
img_0312,0,0.888568,0.343676,0.020521,0.023426,1706.0505600000001,371.17008,39.40032,25.300079999999998,14.3049116,101.1725791,58.9
img_0313,0,0.888695,0.331509,0.020776,0.02163,1706.2944,358.02972,39.88992,23.3604,14.304915,101.1725756,59.13
img_0314,0,0.887427,0.32025,0.020271,0.023426,1703.8598399999998,345.87,38.920320000000004,25.300079999999998,14.3049164,101.1725752,59.32
img_0315,0,0.882865,0.300431,0.020271,0.02162,1695.1008,324.46548,38.920320000000004,23.3496,14.3049167,101.1725754,59.53
img_0316,0,0.879448,0.280833,0.01951,0.021167,1688.54016,303.29964,37.459199999999996,22.860359999999996,14.3049169,101.1725759,60.06
img_0317,0,0.875266,0.261912,0.020271,0.02388,1680.51072,282.86496,38.920320000000004,25.790399999999998,14.3049161,101.1725758,60.61
img_0318,0,0.874505,0.254931,0.01926,0.022528,1679.0496,275.32548,36.9792,24.33024,14.3049157,101.1725755,61.12
img_0319,0,0.871211,0.242764,0.018755,0.02162,1672.7251199999998,262.18512,36.0096,23.3496,14.304916,101.172576,61.22
img_0320,0,0.868044,0.21619,0.020016,0.024324,1666.6444800000002,233.4852,38.43072,26.26992,14.3049159,101.1725762,61.4
img_0321,0,0.865508,0.185333,0.020016,0.021167,1661.77536,200.15964,38.43072,22.860359999999996,14.3049156,101.1725766,62.16
img_0322,0,0.862594,0.162356,0.020271,0.021176,1656.18048,175.34448,38.920320000000004,22.87008,14.3049155,101.1725761,63.11
img_0323,0,0.86006,0.15831,0.019255,0.022083,1651.3152,170.97480000000002,36.9696,23.849639999999997,14.3049155,101.1725757,63.88
img_0324,0,0.850685,0.155824,0.021286,0.020722,1633.3152,168.28992,40.869119999999995,22.37976,14.304915,101.1725761,63.91
img_0325,0,0.83181,0.152449,0.020526,0.02388,1597.0752,164.64492,39.40992,25.790399999999998,14.3049119,101.1725791,63.89
img_0326,0,0.802964,0.150282,0.019271,0.026472,1541.69088,162.30456,37.00032,28.58976,14.3049049,101.1725855,63.83
img_0327,0,0.766828,0.154181,0.018833,0.024139,1472.3097599999999,166.51548000000003,36.15936,26.07012,14.3048939,101.1725959,63.73
img_0328,0,0.723469,0.166634,0.019271,0.022583,1389.06048,179.96472,37.00032,24.38964,14.3048796,101.172609,63.42
img_0329,0,0.672112,0.183569,0.02037,0.022972,1290.45504,198.25452,39.1104,24.80976,14.3048624,101.1726248,62.74
img_0330,0,0.616047,0.199921,0.019927,0.022972,1182.81024,215.91467999999998,38.25984,24.80976,14.3048431,101.1726424,61.95
img_0331,0,0.555495,0.218806,0.017958,0.021019,1066.5503999999999,236.31048,34.47936,22.70052,14.3048222,101.1726607,61.12
img_0332,0,0.492312,0.240023,0.01774,0.021417,945.23904,259.22484,34.0608,23.13036,14.3048,101.1726814,60.28
img_0333,0,0.426396,0.264745,0.01774,0.02025,818.6803199999999,285.9246,34.0608,21.87,14.304777,101.1727028,59.39
img_0334,0,0.359818,0.291028,0.02124,0.023741,690.8505600000001,314.31024,40.7808,25.64028,14.3047539,101.172724,58.42
img_0335,0,0.295979,0.31575,0.019271,0.021019,568.27968,341.01,37.00032,22.70052,14.3047304,101.1727456,57.45
img_0336,0,0.241339,0.336579,0.021677,0.02375,463.37088,363.50532000000004,41.619839999999996,25.65,14.3047077,101.1727663,56.51
img_0337,0,0.217138,0.354292,0.021026,0.021806,416.90496,382.63536,40.36992,23.55048,14.3046881,101.1727846,55.7
img_0338,0,0.204,0.372792,0.020146,0.024528,391.67999999999995,402.61536,38.68032,26.49024,14.3046789,101.1727926,54.97
img_0339,0,0.198852,0.397903,0.020807,0.023361,381.79584,429.73524000000003,39.949439999999996,25.22988,14.3046731,101.1727947,54.32
img_0340,0,0.206089,0.43744,0.019073,0.020676,395.69088,472.4352,36.62016,22.33008,14.3046639,101.1727912,53.7
img_0341,0,0.209044,0.451037,0.018849,0.022185,401.36448,487.11996000000005,36.19008,23.9598,14.3046534,101.1727814,53.14
img_0342,0,0.211885,0.465255,0.018396,0.021806,406.81919999999997,502.4754,35.320319999999995,23.55048,14.3046432,101.1727706,52.6
img_0343,0,0.217578,0.469148,0.018833,0.021796,417.74976,506.67984,36.15936,23.53968,14.3046371,101.1727637,52.21
img_0344,0,0.222833,0.459023,0.019708,0.021028,427.83936,495.74484,37.83936,22.710240000000002,14.3046294,101.1727547,52.2
img_0345,0,0.282401,0.399648,0.013135,0.017519,542.20992,431.61984,25.2192,18.92052,14.3046213,101.1727451,52.73
img_0346,0,0.25174,0.435861,0.016646,0.02063,483.34080000000006,470.72988,31.960320000000003,22.2804,14.3045989,101.1727173,54.02
img_0347,0,0.261159,0.428463,0.016641,0.017519,501.42527999999993,462.74003999999996,31.95072,18.92052,14.3045846,101.1726994,54.77
img_0348,0,0.272872,0.419921,0.014672,0.017565,523.9142400000001,453.51468,28.17024,18.970200000000002,14.3045682,101.1726803,55.72
img_0349,0,0.279664,0.426324,0.014234,0.018685,536.95488,460.42992,27.32928,20.1798,14.3045522,101.1726595,56.83
img_0350,0,0.281523,0.431963,0.014016,0.015185,540.52416,466.52004,26.91072,16.3998,14.304537,101.1726403,57.14
img_0351,0,0.282513,0.428269,0.013797,0.015574,542.42496,462.53052,26.49024,16.81992,14.3045286,101.1726315,57.1
img_0352,0,0.282841,0.423398,0.014016,0.018296,543.05472,457.26984,26.91072,19.75968,14.3045257,101.1726277,57.31
img_0353,0,0.282401,0.410361,0.014896,0.018685,542.20992,443.18987999999996,28.60032,20.1798,14.3045252,101.1726259,57.52
img_0354,0,0.281523,0.383102,0.014891,0.016352,540.52416,413.75016,28.59072,17.660159999999998,14.3045255,101.1726257,58.06
img_0355,0,0.281964,0.354296,0.014458,0.017907,541.3708799999999,382.63968,27.75936,19.33956,14.3045254,101.1726266,59.31
img_0356,0,0.283279,0.299398,0.014453,0.018685,543.89568,323.34984,27.749760000000002,20.1798,14.3045256,101.1726271,61.91
img_0357,0,0.283716,0.277009,0.011828,0.015185,544.73472,299.16972,22.70976,16.3998,14.3045256,101.1726269,63.27
img_0358,0,0.284263,0.257352,0.014672,0.017907,545.78496,277.94016000000005,28.17024,19.33956,14.3045257,101.1726264,65.31
img_0359,0,0.282073,0.244889,0.014677,0.017907,541.58016,264.48012,28.179840000000002,19.33956,14.3045254,101.1726265,65.85
img_0360,0,0.281086,0.243528,0.013578,0.016741,539.68512,263.01024,26.06976,18.08028,14.3045249,101.1726269,65.91
img_0361,0,0.283174,0.241394,0.013786,0.017917,543.69408,260.70552,26.46912,19.35036,14.304525,101.1726271,65.99
img_0362,0,0.28481,0.240417,0.013141,0.015963,546.8352,259.65036,25.230719999999998,17.24004,14.3045255,101.1726269,65.99
img_0363,0,0.289956,0.238861,0.014234,0.015963,556.71552,257.96988,27.32928,17.24004,14.3045285,101.172625,65.95
img_0364,0,0.320617,0.233796,0.013797,0.016741,615.5846399999999,252.49968,26.49024,18.08028,14.3045423,101.1726191,65.6
img_0365,0,0.389273,0.209269,0.014453,0.018296,747.4041599999999,226.01052,27.749760000000002,19.75968,14.3045815,101.1726053,65.6
img_0366,0,0.436904,0.20187,0.013359,0.017519,838.85568,218.0196,25.649279999999997,18.92052,14.3046121,101.1725952,65.64
img_0367,0,0.492643,0.200704,0.013141,0.019074,945.87456,216.76031999999998,25.230719999999998,20.59992,14.3046478,101.1725834,65.39
img_0368,0,0.555823,0.199537,0.014677,0.017519,1067.18016,215.49996,28.179840000000002,18.92052,14.3046875,101.1725697,64.73
img_0369,0,0.791799,0.145019,0.016724,0.022074,1520.2540800000002,156.62052,32.110079999999996,23.83992,14.3048536,101.1725132,63.18
img_0370,0,0.935216,0.082398,0.016214,0.01937,1795.61472,88.98984,31.130879999999998,20.9196,14.304916,101.1724902,64.87
img_0371,0,0.937643,0.08213,0.014974,0.018889,1800.27456,88.70039999999999,28.75008,20.40012,14.3049393,101.1724797,65.24
img_0372,0,0.954659,0.070014,0.017297,0.019602,1832.9452800000001,75.61512,33.21024,21.170160000000003,14.3049569,101.1724721,65.48
img_0373,0,0.954682,0.069991,0.017406,0.018537,1832.98944,75.59027999999999,33.419520000000006,20.01996,14.3049641,101.1724688,65.69
img_0374,0,0.956872,0.067111,0.01838,0.020185,1837.1942399999998,72.47988000000001,35.2896,21.7998,14.3049671,101.1724681,65.76
img_0375,0,0.955536,0.067449,0.016844,0.018843,1834.62912,72.84491999999999,32.34048,20.35044,14.3049685,101.1724684,65.77
img_0376,0,0.952526,0.074537,0.014948,0.020185,1828.8499199999999,80.49996,28.70016,21.7998,14.3049685,101.1724682,65.8
img_0377,0,0.94475,0.082759,0.016469,0.017833,1813.92,89.37972,31.62048,19.25964,14.3049677,101.1724685,65.71
img_0378,0,0.93862,0.089306,0.017031,0.018796,1802.1504,96.45048,32.69952,20.29968,14.3049647,101.17247,65.37
img_0379,0,0.923396,0.101704,0.020396,0.021407,1772.92032,109.84032,39.16032,23.11956,14.3049603,101.172473,64.96
img_0380,0,0.912753,0.119986,0.017307,0.019843,1752.48576,129.58488,33.22944,21.43044,14.3049489,101.1724831,64.04
img_0381,0,0.911656,0.129338,0.016865,0.020639,1750.37952,139.68504000000001,32.3808,22.29012,14.3049451,101.1724875,63.43
img_0382,0,0.904641,0.139278,0.017,0.022389,1736.91072,150.42024,32.64,24.18012,14.3049441,101.1724887,62.97
img_0383,0,0.8805,0.167537,0.016802,0.024222,1690.56,180.93995999999999,32.259840000000004,26.159760000000002,14.304941,101.1724904,62.52
img_0384,0,0.866852,0.185611,0.018766,0.021889,1664.35584,200.45988,36.03072,23.64012,14.3049325,101.1724933,61.98
img_0385,0,0.840328,0.220347,0.01851,0.020694,1613.42976,237.97475999999997,35.539199999999994,22.349520000000002,14.3049201,101.1724966,61.14
img_0386,0,0.778242,0.292181,0.018495,0.021176,1494.22464,315.55548000000005,35.510400000000004,22.87008,14.3048702,101.1725139,57.61
img_0387,0,0.668776,0.390611,0.013937,0.018926,1284.0499200000002,421.85988,26.75904,20.44008,14.3048307,101.1725265,55.52
img_0388,0,0.625701,0.422824,0.016974,0.01937,1201.34592,456.64991999999995,32.59008,20.9196,14.3048084,101.1725353,54.42
img_0389,0,0.583003,0.455481,0.016724,0.018019,1119.3657600000001,491.91948,32.110079999999996,19.46052,14.3047851,101.1725464,53.28
img_0390,0,0.523323,0.515407,0.015437,0.017148,1004.78016,556.63956,29.639039999999998,18.51984,14.3047371,101.1725655,51.05
img_0391,0,0.514078,0.533185,0.015698,0.017574,987.0297600000001,575.8398,30.14016,18.97992,14.304724,101.1725708,49.97
img_0392,0,0.478401,0.56438,0.014073,0.015704,918.5299200000001,609.5304,27.02016,16.96032,14.3047079,101.1725787,48.67
img_0393,0,0.457284,0.580875,0.01863,0.017491,877.9852800000001,627.345,35.769600000000004,18.89028,14.3046994,101.1725841,47.95
img_0394,0,0.429253,0.598301,0.01662,0.018694,824.16576,646.16508,31.9104,20.189519999999998,14.3046898,101.1725924,47.27
img_0395,0,0.397354,0.617329,0.014365,0.019287,762.91968,666.71532,27.5808,20.82996,14.3046784,101.1726042,46.5
img_0396,0,0.362318,0.63375,0.015833,0.018759,695.6505599999999,684.45,30.39936,20.25972,14.3046666,101.1726194,45.78
img_0397,0,0.248271,0.57269,0.019229,0.020935,476.68032,618.5052000000001,36.91968,22.6098,14.3046297,101.1727036,45.01
img_0398,0,0.248154,0.455398,0.020411,0.023722,476.45568000000003,491.82984000000005,39.189119999999996,25.61976,14.3046284,101.1727049,49.57
img_0399,0,0.235448,0.428366,0.018615,0.023861,452.06016,462.63528,35.7408,25.76988,14.3046279,101.1727059,50.83
img_0400,0,0.214849,0.400611,0.02051,0.021167,412.51008,432.65988,39.3792,22.860359999999996,14.3046277,101.1727146,51.68
img_0401,0,0.184065,0.369306,0.018245,0.020722,353.4048,398.85048,35.0304,22.37976,14.3046288,101.1727295,52.34
img_0402,0,0.116576,0.300681,0.02387,0.026861,223.82592,324.73548,45.8304,29.00988,14.3046323,101.1727724,53.65
img_0403,0,0.104219,0.291139,0.019271,0.021796,200.10048,314.43012,37.00032,23.53968,14.3046351,101.1727928,54.09
img_0404,0,0.089836,0.280889,0.022578,0.0245,172.48512,303.36012,43.34976,26.46,14.3046374,101.1728023,54.23
img_0405,0,0.083826,0.278023,0.02287,0.025009,160.94592,300.26484000000005,43.9104,27.00972,14.3046387,101.1728101,54.3
img_0406,0,0.080893,0.276199,0.02287,0.023454,155.31456,298.29492,43.9104,25.33032,14.304639,101.1728141,54.36
img_0407,0,0.072391,0.273333,0.022281,0.026056,138.99071999999998,295.19964,42.77952,28.14048,14.3046388,101.1728156,54.41
img_0408,0,0.068143,0.270528,0.019057,0.023574,130.83455999999998,292.17024,36.58944,25.45992,14.3046384,101.1728194,54.41
img_0409,0,0.067419,0.269213,0.020047,0.023426,129.44448,290.75003999999996,38.49024,25.300079999999998,14.3046383,101.1728219,54.43
img_0410,0,0.08376,0.279116,0.022271,0.022509,160.8192,301.44527999999997,42.76032,24.309720000000002,14.3046381,101.1728204,54.42
img_0411,0,0.11949,0.295338,0.022781,0.02162,229.42079999999999,318.96504,43.73952,23.3496,14.3046371,101.1728051,54.31
img_0412,0,0.139003,0.306148,0.020297,0.023426,266.88576,330.63984,38.97024,25.300079999999998,14.3046396,101.1727952,54.28
img_0413,0,0.169242,0.333537,0.023057,0.022981,324.94464,360.21995999999996,44.26944,24.819480000000002,14.3046457,101.1727869,54.01
img_0414,0,0.183307,0.34525,0.021792,0.02387,351.94944,372.87,41.84064,25.7796,14.3046556,101.1727798,53.27
img_0415,0,0.194708,0.363056,0.017229,0.020741,373.83936,392.10048,33.07968,22.40028,14.3046686,101.1727739,52.48
img_0416,0,0.201424,0.377681,0.020016,0.022972,386.73408,407.89547999999996,38.43072,24.80976,14.3046756,101.1727706,51.85
img_0417,0,0.205607,0.392773,0.018245,0.023417,394.76544,424.19484,35.0304,25.29036,14.3046816,101.1727701,51.26
img_0418,0,0.208784,0.407755,0.020245,0.02388,400.86528,440.37539999999996,38.8704,25.790399999999998,14.304685,101.1727687,50.66
img_0419,0,0.241,0.432037,0.021406,0.025019,462.71999999999997,466.59996,41.099520000000005,27.02052,14.304696,101.1727655,49.5
img_0420,0,0.25481,0.443958,0.020589,0.022583,489.23519999999996,479.47464,39.530879999999996,24.38964,14.3047091,101.1727632,48.9
img_0421,0,0.256857,0.447051,0.023266,0.022417,493.16544,482.81507999999997,44.670719999999996,24.210359999999998,14.3047231,101.1727668,48.36
img_0422,0,0.270479,0.449565,0.025604,0.027648,519.3196800000001,485.5302,49.159679999999994,29.85984,14.3047616,101.1727879,47.04
img_0423,0,0.27819,0.448903,0.024609,0.03062,534.1247999999999,484.81524,47.24928,33.0696,14.3047874,101.172803,46.31
img_0424,0,0.283727,0.457329,0.035984,0.03288,544.75584,493.91532,69.08928,35.5104,14.3048121,101.1728179,45.64
img_0425,0,0.284984,0.466769,0.02951,0.034611,547.1692800000001,504.11052,56.659200000000006,37.37988,14.304829,101.1728278,44.93
img_0426,0,0.283104,0.454963,0.036448,0.036741,543.5596800000001,491.36004,69.98016,39.68028,14.3048381,101.172834,44.54
img_0427,0,0.28624,0.440722,0.041792,0.036315,549.5808,475.97976,80.24064,39.2202,14.3048488,101.1728422,44.36
img_0428,0,0.294479,0.422338,0.041562,0.044954,565.39968,456.12504,79.79904,48.55032,14.3048623,101.1728516,44.21
img_0429,0,0.302953,0.434736,0.038542,0.042509,581.66976,469.51488,74.00064,45.90972,14.3048769,101.1728604,44.0
img_0430,0,0.29843,0.440106,0.039703,0.040861,572.9856,475.31448,76.22976,44.12988,14.3048858,101.1728649,43.6
img_0431,0,0.286005,0.444023,0.049219,0.050361,549.1296,479.54484,94.50048,54.389880000000005,14.3048937,101.172871,43.21
img_0432,0,0.286005,0.464662,0.045969,0.046231,549.1296,501.83496,88.26048,49.92948,14.3049026,101.1728801,42.78
img_0433,0,0.290766,0.482407,0.054094,0.048704,558.2707200000001,520.99956,103.86048000000001,52.600319999999996,14.304907,101.1728842,42.36
img_0434,0,0.291578,0.500361,0.05526,0.049944,559.82976,540.38988,106.0992,53.93952,14.3049121,101.1728868,41.99
img_0435,0,0.278453,0.527606,0.072219,0.05738,534.62976,569.81448,138.66048,61.9704,14.3049302,101.1729013,41.15
img_0436,0,0.235508,0.558769,0.077776,0.075944,452.17536,603.47052,149.32992,82.01952,14.3049484,101.1729204,40.41
img_0437,0,0.214242,0.572069,0.102557,0.08388,411.34463999999997,617.83452,196.90944,90.5904,14.3049573,101.1729291,40.08
img_0438,0,0.19137,0.57763,0.113615,0.098426,367.4304,623.8403999999999,218.14079999999998,106.30008,14.3049607,101.1729329,39.9
